{"cameraMode":{"drawMode":0,"name":"Shaded","section":"Shading Mode"},"sceneLighting":true,"audioPlay":false,"sceneViewState":{"showFog":true,"showMaterialUpdate":false,"showSkybox":true,"showFlares":true,"showImageEffects":true,"showParticleSystems":true,"showVisualEffectGraphs":true,"m_FxEnabled":true},"in2DMode":false,"pivot":{"x":1571.9158935546875,"y":0.14378762245178224,"z":-405.8299865722656},"rotation":{"x":-0.04704046994447708,"y":0.9481039047241211,"z":-0.26577842235565188,"w":-0.16782918572425843},"size":2.2709131240844728,"orthographic":false}