{"cameraMode":{"drawMode":0,"name":"Shaded","section":"Shading Mode"},"sceneLighting":true,"audioPlay":false,"sceneViewState":{"showFog":true,"showMaterialUpdate":false,"showSkybox":true,"showFlares":true,"showImageEffects":true,"showParticleSystems":true,"showVisualEffectGraphs":true,"m_FxEnabled":true},"in2DMode":false,"pivot":{"x":1572.9449462890625,"y":0.32521092891693118,"z":-401.4504699707031},"rotation":{"x":0.0743793174624443,"y":0.8536450862884522,"z":-0.1268734484910965,"w":0.49957695603370669},"size":2.7634999752044679,"orthographic":false}