{"cameraMode":{"drawMode":0,"name":"Shaded","section":"Shading Mode"},"sceneLighting":true,"audioPlay":false,"sceneViewState":{"showFog":true,"showMaterialUpdate":false,"showSkybox":true,"showFlares":true,"showImageEffects":true,"showParticleSystems":true,"showVisualEffectGraphs":true,"m_FxEnabled":true},"in2DMode":false,"pivot":{"x":0.04944753646850586,"y":0.9421560764312744,"z":-2.7247796058654787},"rotation":{"x":-0.22274839878082276,"y":-0.2581367790699005,"z":0.06116966903209686,"w":-0.9380325675010681},"size":3.363499879837036,"orthographic":false}