{"cameraMode":{"drawMode":0,"name":"Shaded","section":"Shading Mode"},"sceneLighting":true,"audioPlay":false,"sceneViewState":{"showFog":true,"showMaterialUpdate":false,"showSkybox":true,"showFlares":true,"showImageEffects":true,"showParticleSystems":true,"showVisualEffectGraphs":true,"m_FxEnabled":true},"in2DMode":false,"pivot":{"x":1655.3673095703125,"y":75.57798767089844,"z":-407.00628662109377},"rotation":{"x":0.0023867390118539335,"y":0.9956853985786438,"z":-0.0886572077870369,"w":0.025687702000141145},"size":314.8531188964844,"orthographic":false}