{"cameraMode":{"drawMode":0,"name":"Shaded","section":"Shading Mode"},"sceneLighting":true,"audioPlay":false,"sceneViewState":{"showFog":true,"showMaterialUpdate":false,"showSkybox":true,"showFlares":true,"showImageEffects":true,"showParticleSystems":true,"showVisualEffectGraphs":true,"m_FxEnabled":true},"in2DMode":false,"pivot":{"x":1568.7384033203125,"y":0.49397575855255129,"z":-396.0944519042969},"rotation":{"x":-0.002498314017429948,"y":0.9954890012741089,"z":-0.028997596353292466,"w":-0.08983709663152695},"size":0.6932388544082642,"orthographic":false}